date,sender,raw_message,amount,txn_type,merchant
2025-11-23 16:30:03,AX-SBI-S,Payment of Rs.8560.00 to FLIPKART successful. UPI ID: 98453115.ybl,8560.0,unknown,FLIPKARTSUCCESSFULUPIID98453115YBL
2025-11-09 08:21:56,AX-KOTAKBNK-S,"Recharge successful Rs.16992, enjoy data benefits.",16992.0,unknown,UNKNOWN
2025-11-05 19:29:53,AX-SBI-S,"Recharge successful Rs.5528, enjoy data benefits.",5528.0,unknown,UNKNOWN
2025-11-28 04:38:20,AX-ICICIBNK-S,A/c *9745 debited Rs. 1732.00 to NEHA via UPI:502358.ibl,1732.0,debit,NEHAVIAUPI502358IBL
2025-11-30 11:00:09,AX-HDFCBNK-S,A/c *9745 credited Rs. 19622.00 from PRAVEEN. UPI REF:9025877,19622.0,credit,UNKNOWN
2025-11-21 12:27:00,AX-ICICIBNK-S,A/c *9745 credited Rs. 18250.00 from ARJUN. UPI REF:8170268,18250.0,credit,UNKNOWN
2025-10-29 17:09:17,AX-INDBNK-S,A/c *9745 credited Rs. 7456.00 from MOHIT. UPI REF:8035015,7456.0,credit,UNKNOWN
2025-11-22 17:48:58,AX-KOTAKBNK-S,Rs.13095 received from PRAVEEN. Check your passbook for balance update.,13095.0,credit,UNKNOWN
2025-10-27 09:57:22,AX-HDFCBNK-S,A/c *9745 debited Rs. 4727.00 to ANITA via UPI:817474.okaxis,4727.0,debit,ANITAVIAUPI817474OKAXIS
2025-11-12 21:41:34,AX-KOTAKBNK-S,Payment of Rs.4665.00 to FLIPKART successful. UPI ID: 98457632.ybl,4665.0,unknown,FLIPKARTSUCCESSFULUPIID98457632YBL
2025-11-16 23:52:58,AX-AXISBNK-S,Rs.16257 received from RAHUL. Check your passbook for balance update.,16257.0,credit,UNKNOWN
2025-11-13 22:40:17,AX-INDBNK-S,A/c *9745 credited Rs. 12029.00 from ANITA. UPI REF:3124761,12029.0,credit,UNKNOWN
2025-11-29 21:04:25,AX-PNB-S,Rs.19651 received from PRAVEEN. Check your passbook for balance update.,19651.0,credit,UNKNOWN
2025-11-26 14:34:59,AX-HDFCBNK-S,Payment of Rs.15935.00 to SWIGGY successful. UPI ID: 98456119.oksbi,15935.0,unknown,SWIGGYSUCCESSFULUPIID98456119OKSBI
2025-11-02 12:09:36,AX-ICICIBNK-S,A/c *9745 credited Rs. 2169.00 from NEHA. UPI REF:9927930,2169.0,credit,UNKNOWN
2025-11-16 04:45:56,AX-HDFCBNK-S,A/c *9745 credited Rs. 11746.00 from ANITA. UPI REF:3351635,11746.0,credit,UNKNOWN
2025-11-11 21:27:03,AX-KOTAKBNK-S,A/c *9745 debited Rs. 2724.00 to BALAJI via UPI:802477.ibl,2724.0,debit,BALAJIVIAUPI802477IBL
2025-11-18 21:39:28,AX-INDBNK-S,"Recharge successful Rs.6645, enjoy data benefits.",6645.0,unknown,UNKNOWN
2025-11-03 06:09:43,AX-PNB-S,Rs.16191 received from RAHUL. Check your passbook for balance update.,16191.0,credit,UNKNOWN
2025-11-26 14:17:22,AX-HDFCBNK-S,Payment of Rs.3914.00 to TATACLIQ successful. UPI ID: 98458227.ybl,3914.0,unknown,TATACLIQSUCCESSFULUPIID98458227YBL
2025-10-29 02:29:28,AX-HDFCBNK-S,"Recharge successful Rs.7287, enjoy data benefits.",7287.0,unknown,UNKNOWN
2025-11-28 22:35:53,AX-KOTAKBNK-S,"Recharge successful Rs.19383, enjoy data benefits.",19383.0,unknown,UNKNOWN
2025-11-24 07:43:41,AX-INDBNK-S,Rs.5513 received from MOHIT. Check your passbook for balance update.,5513.0,credit,UNKNOWN
2025-11-26 02:20:57,AX-KOTAKBNK-S,A/c *9745 debited Rs. 16640.00 to RAHUL via UPI:199507.ibl,16640.0,debit,RAHULVIAUPI199507IBL
2025-11-06 08:40:52,AX-SBI-S,A/c *9745 debited Rs. 1300.00 to RAHUL via UPI:781803.ybl,1300.0,debit,RAHULVIAUPI781803YBL
2025-11-29 11:02:56,AX-AXISBNK-S,A/c *9745 debited Rs. 6916.00 to ARJUN via UPI:964801.ybl,6916.0,debit,ARJUNVIAUPI964801YBL
2025-11-13 02:34:37,AX-HDFCBNK-S,A/c *9745 credited Rs. 10115.00 from PRAVEEN. UPI REF:8314295,10115.0,credit,UNKNOWN
2025-11-29 05:11:35,AX-ICICIBNK-S,A/c *9745 debited Rs. 18524.00 to PRAVEEN via UPI:139184.oksbi,18524.0,debit,PRAVEENVIAUPI139184OKSBI
2025-11-27 22:53:05,AX-AXISBNK-S,"Recharge successful Rs.6792, enjoy data benefits.",6792.0,unknown,UNKNOWN
2025-11-24 00:21:59,AX-PNB-S,Payment of Rs.8209.00 to ZOMATO successful. UPI ID: 98456219.ybl,8209.0,unknown,ZOMATOSUCCESSFULUPIID98456219YBL
2025-11-03 07:20:45,AX-HDFCBNK-S,A/c *9745 debited Rs. 9417.00 to RAHUL via UPI:649234.ybl,9417.0,debit,RAHULVIAUPI649234YBL
2025-11-26 01:42:01,AX-INDBNK-S,A/c *9745 credited Rs. 14278.00 from PRAVEEN. UPI REF:8152979,14278.0,credit,UNKNOWN
2025-10-29 16:49:52,AX-AXISBNK-S,A/c *9745 debited Rs. 19289.00 to BALAJI via UPI:298137.ibl,19289.0,debit,BALAJIVIAUPI298137IBL
2025-11-16 04:41:17,AX-ICICIBNK-S,A/c *9745 credited Rs. 1020.00 from RAHUL. UPI REF:9606001,1020.0,credit,UNKNOWN
2025-11-06 12:19:58,AX-ICICIBNK-S,A/c *9745 debited Rs. 7962.00 to BALAJI via UPI:836078.axl,7962.0,debit,BALAJIVIAUPI836078AXL
2025-11-18 09:23:47,AX-INDBNK-S,A/c *9745 debited Rs. 3530.00 to ARJUN via UPI:869528.okicici,3530.0,debit,ARJUNVIAUPI869528OKICICI
2025-11-02 21:39:17,AX-SBI-S,"Recharge successful Rs.14510, enjoy data benefits.",14510.0,unknown,UNKNOWN
2025-11-29 04:42:26,AX-INDBNK-S,Rs.14214 received from PRAVEEN. Check your passbook for balance update.,14214.0,credit,UNKNOWN
2025-11-03 12:48:41,AX-ICICIBNK-S,Rs.1661 received from BALAJI. Check your passbook for balance update.,1661.0,credit,UNKNOWN
2025-11-05 09:10:00,AX-SBI-S,"Recharge successful Rs.4223, enjoy data benefits.",4223.0,unknown,UNKNOWN
2025-11-25 08:44:55,AX-SBI-S,"Recharge successful Rs.16877, enjoy data benefits.",16877.0,unknown,UNKNOWN
2025-11-13 21:28:16,AX-SBI-S,"Recharge successful Rs.16809, enjoy data benefits.",16809.0,unknown,UNKNOWN
2025-11-11 19:26:24,AX-ICICIBNK-S,Payment of Rs.14230.00 to FLIPKART successful. UPI ID: 98459242.oksbi,14230.0,unknown,FLIPKARTSUCCESSFULUPIID98459242OKSBI
2025-11-03 11:38:40,AX-PNB-S,A/c *9745 credited Rs. 15295.00 from ARJUN. UPI REF:8626676,15295.0,credit,UNKNOWN
2025-11-15 03:48:39,AX-INDBNK-S,Rs.16284 received from ARJUN. Check your passbook for balance update.,16284.0,credit,UNKNOWN
2025-11-14 17:40:13,AX-KOTAKBNK-S,Rs.788 received from BALAJI. Check your passbook for balance update.,788.0,credit,UNKNOWN
2025-10-30 18:43:15,AX-SBI-S,"Recharge successful Rs.18504, enjoy data benefits.",18504.0,unknown,UNKNOWN
2025-10-27 03:50:51,AX-AXISBNK-S,Payment of Rs.13381.00 to AMAZON successful. UPI ID: 98458347.okaxis,13381.0,unknown,AMAZONSUCCESSFULUPIID98458347OKAXIS
2025-11-13 02:37:37,AX-KOTAKBNK-S,Payment of Rs.7031.00 to SWIGGY successful. UPI ID: 98453948.ibl,7031.0,unknown,SWIGGYSUCCESSFULUPIID98453948IBL
2025-11-10 03:18:36,AX-HDFCBNK-S,Rs.17317 received from NEHA. Check your passbook for balance update.,17317.0,credit,UNKNOWN
2025-11-28 11:24:46,AX-INDBNK-S,Rs.16822 received from MOHIT. Check your passbook for balance update.,16822.0,credit,UNKNOWN
2025-10-28 03:07:46,AX-HDFCBNK-S,A/c *9745 credited Rs. 10671.00 from ARJUN. UPI REF:8050423,10671.0,credit,UNKNOWN
2025-11-29 20:45:33,AX-PNB-S,"Recharge successful Rs.4668, enjoy data benefits.",4668.0,unknown,UNKNOWN
2025-10-27 08:32:16,AX-ICICIBNK-S,Rs.108 received from MOHIT. Check your passbook for balance update.,108.0,credit,UNKNOWN
2025-11-04 05:57:35,AX-PNB-S,Rs.17166 received from ARJUN. Check your passbook for balance update.,17166.0,credit,UNKNOWN
2025-11-05 13:16:58,AX-SBI-S,"Recharge successful Rs.5080, enjoy data benefits.",5080.0,unknown,UNKNOWN
2025-11-26 23:51:22,AX-ICICIBNK-S,Payment of Rs.12868.00 to NETFLIX successful. UPI ID: 98456220.ibl,12868.0,unknown,NETFLIXSUCCESSFULUPIID98456220IBL
2025-11-19 16:03:59,AX-INDBNK-S,A/c *9745 credited Rs. 19826.00 from MOHIT. UPI REF:6319657,19826.0,credit,UNKNOWN
2025-11-08 13:06:51,AX-HDFCBNK-S,Payment of Rs.10598.00 to NETFLIX successful. UPI ID: 98452497.ibl,10598.0,unknown,NETFLIXSUCCESSFULUPIID98452497IBL
2025-11-11 05:04:55,AX-AXISBNK-S,Rs.7004 received from ANITA. Check your passbook for balance update.,7004.0,credit,UNKNOWN
2025-11-28 23:06:47,AX-SBI-S,A/c *9745 credited Rs. 8178.00 from MOHIT. UPI REF:4903292,8178.0,credit,UNKNOWN
2025-11-09 15:43:57,AX-SBI-S,A/c *9745 credited Rs. 5775.00 from PRAVEEN. UPI REF:7008169,5775.0,credit,UNKNOWN
2025-11-23 17:09:42,AX-KOTAKBNK-S,Rs.17136 received from BALAJI. Check your passbook for balance update.,17136.0,credit,UNKNOWN
2025-11-09 13:21:17,AX-HDFCBNK-S,Payment of Rs.18210.00 to FLIPKART successful. UPI ID: 98457799.okaxis,18210.0,unknown,FLIPKARTSUCCESSFULUPIID98457799OKAXIS
2025-11-23 00:36:38,AX-INDBNK-S,Rs.4510 received from ARJUN. Check your passbook for balance update.,4510.0,credit,UNKNOWN
2025-11-19 04:58:26,AX-SBI-S,A/c *9745 debited Rs. 3926.00 to PRAVEEN via UPI:151089.oksbi,3926.0,debit,PRAVEENVIAUPI151089OKSBI
2025-11-09 23:20:53,AX-INDBNK-S,"Recharge successful Rs.10608, enjoy data benefits.",10608.0,unknown,UNKNOWN
2025-11-06 22:28:08,AX-INDBNK-S,Payment of Rs.5290.00 to NETFLIX successful. UPI ID: 98459713.axl,5290.0,unknown,NETFLIXSUCCESSFULUPIID98459713AXL
2025-10-27 04:34:36,AX-PNB-S,Payment of Rs.15330.00 to TATACLIQ successful. UPI ID: 98454934.ibl,15330.0,unknown,TATACLIQSUCCESSFULUPIID98454934IBL
2025-11-05 15:42:24,AX-ICICIBNK-S,Payment of Rs.6355.00 to SWIGGY successful. UPI ID: 98459726.axl,6355.0,unknown,SWIGGYSUCCESSFULUPIID98459726AXL
2025-11-25 10:30:29,AX-SBI-S,Rs.17495 received from BALAJI. Check your passbook for balance update.,17495.0,credit,UNKNOWN
2025-11-20 23:42:47,AX-SBI-S,Rs.8541 received from PRAVEEN. Check your passbook for balance update.,8541.0,credit,UNKNOWN
2025-11-17 02:20:59,AX-HDFCBNK-S,"Recharge successful Rs.12132, enjoy data benefits.",12132.0,unknown,UNKNOWN
2025-11-24 21:52:56,AX-PNB-S,A/c *9745 credited Rs. 16344.00 from PRAVEEN. UPI REF:4371483,16344.0,credit,UNKNOWN
2025-11-23 02:51:04,AX-INDBNK-S,A/c *9745 credited Rs. 5172.00 from RAHUL. UPI REF:2420934,5172.0,credit,UNKNOWN
2025-11-02 11:36:20,AX-ICICIBNK-S,"Recharge successful Rs.19934, enjoy data benefits.",19934.0,unknown,UNKNOWN
2025-11-28 06:55:25,AX-PNB-S,"Recharge successful Rs.2111, enjoy data benefits.",2111.0,unknown,UNKNOWN
2025-11-05 09:31:04,AX-KOTAKBNK-S,Payment of Rs.3037.00 to NETFLIX successful. UPI ID: 98458143.axl,3037.0,unknown,NETFLIXSUCCESSFULUPIID98458143AXL
2025-11-25 05:27:16,AX-HDFCBNK-S,A/c *9745 credited Rs. 787.00 from PRAVEEN. UPI REF:6988621,787.0,credit,UNKNOWN
2025-11-24 17:22:52,AX-ICICIBNK-S,Rs.17983 received from MOHIT. Check your passbook for balance update.,17983.0,credit,UNKNOWN
2025-11-26 14:33:14,AX-HDFCBNK-S,A/c *9745 credited Rs. 6648.00 from PRAVEEN. UPI REF:8764248,6648.0,credit,UNKNOWN
2025-11-10 21:42:00,AX-HDFCBNK-S,"Recharge successful Rs.6380, enjoy data benefits.",6380.0,unknown,UNKNOWN
2025-11-26 18:00:39,AX-ICICIBNK-S,Rs.13577 received from NEHA. Check your passbook for balance update.,13577.0,credit,UNKNOWN
2025-11-08 18:20:39,AX-AXISBNK-S,Payment of Rs.7443.00 to AMAZON successful. UPI ID: 98453557.ibl,7443.0,unknown,AMAZONSUCCESSFULUPIID98453557IBL
2025-10-29 03:51:41,AX-SBI-S,Payment of Rs.14344.00 to TATACLIQ successful. UPI ID: 98454492.axl,14344.0,unknown,TATACLIQSUCCESSFULUPIID98454492AXL
2025-10-31 00:27:14,AX-AXISBNK-S,Rs.11879 received from MOHIT. Check your passbook for balance update.,11879.0,credit,UNKNOWN
2025-11-03 11:27:21,AX-KOTAKBNK-S,Rs.5937 received from MOHIT. Check your passbook for balance update.,5937.0,credit,UNKNOWN
2025-11-15 01:43:48,AX-HDFCBNK-S,"Recharge successful Rs.9449, enjoy data benefits.",9449.0,unknown,UNKNOWN
2025-11-05 23:21:29,AX-PNB-S,"Recharge successful Rs.6379, enjoy data benefits.",6379.0,unknown,UNKNOWN
2025-11-02 08:53:22,AX-INDBNK-S,Rs.16734 received from RAHUL. Check your passbook for balance update.,16734.0,credit,UNKNOWN
2025-10-26 23:31:32,AX-HDFCBNK-S,A/c *9745 debited Rs. 10913.00 to BALAJI via UPI:331482.okaxis,10913.0,debit,BALAJIVIAUPI331482OKAXIS
2025-10-31 17:41:16,AX-KOTAKBNK-S,Rs.5830 received from BALAJI. Check your passbook for balance update.,5830.0,credit,UNKNOWN
2025-11-12 03:10:28,AX-SBI-S,Payment of Rs.15387.00 to SWIGGY successful. UPI ID: 98451063.axl,15387.0,unknown,SWIGGYSUCCESSFULUPIID98451063AXL
2025-11-28 14:02:48,AX-PNB-S,A/c *9745 debited Rs. 8060.00 to PRAVEEN via UPI:159028.okicici,8060.0,debit,PRAVEENVIAUPI159028OKICICI
2025-11-08 21:37:11,AX-KOTAKBNK-S,"Recharge successful Rs.9299, enjoy data benefits.",9299.0,unknown,UNKNOWN
2025-10-28 06:25:45,AX-KOTAKBNK-S,Payment of Rs.17152.00 to AMAZON successful. UPI ID: 98453575.okaxis,17152.0,unknown,AMAZONSUCCESSFULUPIID98453575OKAXIS
2025-11-23 15:47:32,AX-INDBNK-S,A/c *9745 debited Rs. 18446.00 to ARJUN via UPI:379470.oksbi,18446.0,debit,ARJUNVIAUPI379470OKSBI
2025-11-26 10:17:56,AX-SBI-S,A/c *9745 credited Rs. 6931.00 from BALAJI. UPI REF:7397514,6931.0,credit,UNKNOWN
2025-11-09 20:35:20,AX-INDBNK-S,A/c *9745 credited Rs. 2800.00 from RAHUL. UPI REF:5743750,2800.0,credit,UNKNOWN
2025-11-02 23:08:59,AX-SBI-S,"Recharge successful Rs.1253, enjoy data benefits.",1253.0,unknown,UNKNOWN
2025-11-06 23:15:15,AX-ICICIBNK-S,Payment of Rs.5577.00 to ZOMATO successful. UPI ID: 98451706.oksbi,5577.0,unknown,ZOMATOSUCCESSFULUPIID98451706OKSBI
2025-11-27 05:19:47,AX-PNB-S,"Recharge successful Rs.2464, enjoy data benefits.",2464.0,unknown,UNKNOWN
2025-11-10 07:31:00,AX-INDBNK-S,"Recharge successful Rs.6021, enjoy data benefits.",6021.0,unknown,UNKNOWN
2025-10-31 04:08:12,AX-AXISBNK-S,A/c *9745 debited Rs. 5384.00 to ANITA via UPI:912025.oksbi,5384.0,debit,ANITAVIAUPI912025OKSBI
2025-11-08 22:23:55,AX-SBI-S,A/c *9745 debited Rs. 10341.00 to ANITA via UPI:538858.okaxis,10341.0,debit,ANITAVIAUPI538858OKAXIS
2025-11-26 19:01:20,AX-SBI-S,Payment of Rs.2150.00 to AMAZON successful. UPI ID: 98451762.axl,2150.0,unknown,AMAZONSUCCESSFULUPIID98451762AXL
2025-11-13 09:18:17,AX-SBI-S,A/c *9745 credited Rs. 15041.00 from RAHUL. UPI REF:4556805,15041.0,credit,UNKNOWN
2025-10-31 05:58:57,AX-AXISBNK-S,Payment of Rs.5108.00 to NETFLIX successful. UPI ID: 98455387.okicici,5108.0,unknown,NETFLIXSUCCESSFULUPIID98455387OKICICI
2025-11-21 23:40:44,AX-SBI-S,A/c *9745 credited Rs. 13111.00 from BALAJI. UPI REF:8632531,13111.0,credit,UNKNOWN
2025-11-21 01:01:46,AX-ICICIBNK-S,A/c *9745 credited Rs. 1313.00 from PRAVEEN. UPI REF:5570328,1313.0,credit,UNKNOWN
2025-11-22 14:07:59,AX-HDFCBNK-S,Payment of Rs.289.00 to ZOMATO successful. UPI ID: 98451094.ibl,289.0,unknown,ZOMATOSUCCESSFULUPIID98451094IBL
2025-10-29 20:50:19,AX-AXISBNK-S,A/c *9745 credited Rs. 15175.00 from BALAJI. UPI REF:1100123,15175.0,credit,UNKNOWN
2025-11-03 17:26:56,AX-AXISBNK-S,Payment of Rs.7212.00 to ZOMATO successful. UPI ID: 98451128.axl,7212.0,unknown,ZOMATOSUCCESSFULUPIID98451128AXL
2025-11-10 22:05:16,AX-AXISBNK-S,"Recharge successful Rs.1736, enjoy data benefits.",1736.0,unknown,UNKNOWN
2025-11-18 03:13:52,AX-SBI-S,Rs.16937 received from BALAJI. Check your passbook for balance update.,16937.0,credit,UNKNOWN
2025-11-21 21:08:16,AX-INDBNK-S,A/c *9745 credited Rs. 2858.00 from ANITA. UPI REF:4498038,2858.0,credit,UNKNOWN
2025-11-21 04:07:21,AX-HDFCBNK-S,Payment of Rs.12550.00 to SWIGGY successful. UPI ID: 98452147.okaxis,12550.0,unknown,SWIGGYSUCCESSFULUPIID98452147OKAXIS
2025-11-21 21:40:54,AX-ICICIBNK-S,Payment of Rs.2082.00 to ZOMATO successful. UPI ID: 98453134.oksbi,2082.0,unknown,ZOMATOSUCCESSFULUPIID98453134OKSBI
2025-11-08 14:27:54,AX-ICICIBNK-S,A/c *9745 debited Rs. 18939.00 to ARJUN via UPI:168682.oksbi,18939.0,debit,ARJUNVIAUPI168682OKSBI
2025-11-19 01:11:18,AX-ICICIBNK-S,"Recharge successful Rs.19477, enjoy data benefits.",19477.0,unknown,UNKNOWN
2025-11-20 19:34:23,AX-ICICIBNK-S,"Recharge successful Rs.8879, enjoy data benefits.",8879.0,unknown,UNKNOWN
2025-11-03 01:22:56,AX-SBI-S,Payment of Rs.7936.00 to AMAZON successful. UPI ID: 98456345.okicici,7936.0,unknown,AMAZONSUCCESSFULUPIID98456345OKICICI
2025-11-18 00:05:06,AX-KOTAKBNK-S,A/c *9745 debited Rs. 4484.00 to ARJUN via UPI:317613.okicici,4484.0,debit,ARJUNVIAUPI317613OKICICI
2025-10-30 20:30:21,AX-PNB-S,A/c *9745 credited Rs. 12811.00 from ARJUN. UPI REF:6484153,12811.0,credit,UNKNOWN
2025-11-30 13:32:18,AX-KOTAKBNK-S,Payment of Rs.6870.00 to NETFLIX successful. UPI ID: 98454309.ybl,6870.0,unknown,NETFLIXSUCCESSFULUPIID98454309YBL
2025-11-05 03:53:05,AX-INDBNK-S,Payment of Rs.6555.00 to TATACLIQ successful. UPI ID: 98457295.ybl,6555.0,unknown,TATACLIQSUCCESSFULUPIID98457295YBL
2025-11-21 09:28:01,AX-SBI-S,A/c *9745 credited Rs. 19949.00 from ANITA. UPI REF:9006854,19949.0,credit,UNKNOWN
2025-10-28 03:52:27,AX-HDFCBNK-S,"Recharge successful Rs.17738, enjoy data benefits.",17738.0,unknown,UNKNOWN
2025-10-27 14:59:48,AX-HDFCBNK-S,A/c *9745 credited Rs. 479.00 from PRAVEEN. UPI REF:3636450,479.0,credit,UNKNOWN
2025-11-27 10:24:39,AX-AXISBNK-S,A/c *9745 debited Rs. 10181.00 to PRAVEEN via UPI:765043.okicici,10181.0,debit,PRAVEENVIAUPI765043OKICICI
2025-11-26 14:31:14,AX-AXISBNK-S,Rs.173 received from ARJUN. Check your passbook for balance update.,173.0,credit,UNKNOWN
2025-11-22 01:22:26,AX-KOTAKBNK-S,A/c *9745 credited Rs. 7271.00 from NEHA. UPI REF:9879009,7271.0,credit,UNKNOWN
2025-11-04 21:04:00,AX-AXISBNK-S,A/c *9745 debited Rs. 14922.00 to PRAVEEN via UPI:717846.oksbi,14922.0,debit,PRAVEENVIAUPI717846OKSBI
2025-11-20 11:09:19,AX-PNB-S,Rs.19714 received from RAHUL. Check your passbook for balance update.,19714.0,credit,UNKNOWN
2025-11-29 17:53:23,AX-ICICIBNK-S,A/c *9745 credited Rs. 17550.00 from BALAJI. UPI REF:3029631,17550.0,credit,UNKNOWN
2025-11-03 04:50:00,AX-HDFCBNK-S,A/c *9745 debited Rs. 7090.00 to RAHUL via UPI:518505.axl,7090.0,debit,RAHULVIAUPI518505AXL
2025-11-27 09:03:38,AX-PNB-S,A/c *9745 credited Rs. 10195.00 from PRAVEEN. UPI REF:6681382,10195.0,credit,UNKNOWN
2025-11-25 00:47:52,AX-ICICIBNK-S,Payment of Rs.6339.00 to NETFLIX successful. UPI ID: 98454078.ybl,6339.0,unknown,NETFLIXSUCCESSFULUPIID98454078YBL
2025-11-05 18:26:58,AX-AXISBNK-S,Payment of Rs.19324.00 to SPOTIFY successful. UPI ID: 98453284.okaxis,19324.0,unknown,SPOTIFYSUCCESSFULUPIID98453284OKAXIS
2025-10-30 12:41:06,AX-HDFCBNK-S,Payment of Rs.516.00 to ZOMATO successful. UPI ID: 98451776.ybl,516.0,unknown,ZOMATOSUCCESSFULUPIID98451776YBL
2025-11-27 12:42:53,AX-HDFCBNK-S,Rs.17005 received from NEHA. Check your passbook for balance update.,17005.0,credit,UNKNOWN
2025-10-27 00:38:25,AX-AXISBNK-S,A/c *9745 debited Rs. 11087.00 to ANITA via UPI:631864.ibl,11087.0,debit,ANITAVIAUPI631864IBL
2025-11-13 05:40:48,AX-AXISBNK-S,"Recharge successful Rs.6092, enjoy data benefits.",6092.0,unknown,UNKNOWN
2025-11-06 04:53:32,AX-AXISBNK-S,Rs.5102 received from ARJUN. Check your passbook for balance update.,5102.0,credit,UNKNOWN
2025-10-29 02:03:49,AX-AXISBNK-S,A/c *9745 credited Rs. 19299.00 from PRAVEEN. UPI REF:6655634,19299.0,credit,UNKNOWN
2025-11-21 15:58:58,AX-AXISBNK-S,"Recharge successful Rs.15715, enjoy data benefits.",15715.0,unknown,UNKNOWN
2025-10-27 01:13:42,AX-KOTAKBNK-S,"Recharge successful Rs.899, enjoy data benefits.",899.0,unknown,UNKNOWN
2025-11-26 12:39:07,AX-AXISBNK-S,Rs.14191 received from ANITA. Check your passbook for balance update.,14191.0,credit,UNKNOWN
2025-11-20 00:13:12,AX-AXISBNK-S,A/c *9745 credited Rs. 6483.00 from MOHIT. UPI REF:5534024,6483.0,credit,UNKNOWN
2025-11-08 22:11:21,AX-INDBNK-S,Rs.8406 received from MOHIT. Check your passbook for balance update.,8406.0,credit,UNKNOWN
2025-11-12 04:29:06,AX-AXISBNK-S,Payment of Rs.18153.00 to SPOTIFY successful. UPI ID: 98454574.okicici,18153.0,unknown,SPOTIFYSUCCESSFULUPIID98454574OKICICI
2025-11-06 13:04:46,AX-SBI-S,A/c *9745 debited Rs. 12886.00 to PRAVEEN via UPI:815193.ibl,12886.0,debit,PRAVEENVIAUPI815193IBL
2025-11-07 05:44:51,AX-PNB-S,A/c *9745 debited Rs. 9554.00 to MOHIT via UPI:625157.axl,9554.0,debit,MOHITVIAUPI625157AXL
2025-11-07 07:04:06,AX-AXISBNK-S,A/c *9745 credited Rs. 1505.00 from RAHUL. UPI REF:7490614,1505.0,credit,UNKNOWN
2025-11-30 02:44:45,AX-AXISBNK-S,A/c *9745 debited Rs. 14880.00 to PRAVEEN via UPI:141126.okaxis,14880.0,debit,PRAVEENVIAUPI141126OKAXIS
2025-11-01 14:42:47,AX-PNB-S,Rs.17726 received from ANITA. Check your passbook for balance update.,17726.0,credit,UNKNOWN
2025-11-06 03:35:30,AX-KOTAKBNK-S,Payment of Rs.4556.00 to FLIPKART successful. UPI ID: 98451477.okaxis,4556.0,unknown,FLIPKARTSUCCESSFULUPIID98451477OKAXIS
2025-11-04 08:24:52,AX-AXISBNK-S,A/c *9745 debited Rs. 9845.00 to NEHA via UPI:930867.ibl,9845.0,debit,NEHAVIAUPI930867IBL
2025-11-13 06:15:26,AX-INDBNK-S,A/c *9745 debited Rs. 10669.00 to ANITA via UPI:445701.oksbi,10669.0,debit,ANITAVIAUPI445701OKSBI
2025-10-27 17:02:59,AX-AXISBNK-S,"Recharge successful Rs.7724, enjoy data benefits.",7724.0,unknown,UNKNOWN
2025-10-31 06:37:03,AX-ICICIBNK-S,Payment of Rs.10524.00 to SPOTIFY successful. UPI ID: 98451667.ybl,10524.0,unknown,SPOTIFYSUCCESSFULUPIID98451667YBL
2025-11-20 13:47:52,AX-AXISBNK-S,A/c *9745 credited Rs. 2998.00 from MOHIT. UPI REF:2331445,2998.0,credit,UNKNOWN
2025-11-11 06:22:59,AX-SBI-S,A/c *9745 credited Rs. 7438.00 from RAHUL. UPI REF:2578653,7438.0,credit,UNKNOWN
2025-11-15 21:31:29,AX-PNB-S,Rs.15467 received from PRAVEEN. Check your passbook for balance update.,15467.0,credit,UNKNOWN
2025-11-24 07:31:01,AX-ICICIBNK-S,Payment of Rs.5491.00 to TATACLIQ successful. UPI ID: 98459813.oksbi,5491.0,unknown,TATACLIQSUCCESSFULUPIID98459813OKSBI
2025-11-22 05:19:10,AX-SBI-S,Payment of Rs.16677.00 to SWIGGY successful. UPI ID: 98455527.ibl,16677.0,unknown,SWIGGYSUCCESSFULUPIID98455527IBL
2025-11-26 21:33:49,AX-KOTAKBNK-S,"Recharge successful Rs.10387, enjoy data benefits.",10387.0,unknown,UNKNOWN
2025-10-31 06:26:50,AX-AXISBNK-S,A/c *9745 debited Rs. 8032.00 to MOHIT via UPI:944442.ybl,8032.0,debit,MOHITVIAUPI944442YBL
2025-11-27 01:41:24,AX-SBI-S,A/c *9745 credited Rs. 12241.00 from BALAJI. UPI REF:6319471,12241.0,credit,UNKNOWN
2025-11-27 03:35:46,AX-INDBNK-S,A/c *9745 credited Rs. 11022.00 from RAHUL. UPI REF:4168570,11022.0,credit,UNKNOWN
2025-11-23 05:59:52,AX-PNB-S,Payment of Rs.6938.00 to FLIPKART successful. UPI ID: 98452936.oksbi,6938.0,unknown,FLIPKARTSUCCESSFULUPIID98452936OKSBI
2025-11-25 11:32:05,AX-INDBNK-S,A/c *9745 debited Rs. 12704.00 to ARJUN via UPI:664992.ybl,12704.0,debit,ARJUNVIAUPI664992YBL
2025-11-16 21:40:09,AX-PNB-S,A/c *9745 debited Rs. 13700.00 to RAHUL via UPI:877871.okicici,13700.0,debit,RAHULVIAUPI877871OKICICI
2025-11-10 23:32:16,AX-KOTAKBNK-S,Rs.5440 received from ARJUN. Check your passbook for balance update.,5440.0,credit,UNKNOWN
2025-11-22 21:05:22,AX-INDBNK-S,Rs.19220 received from BALAJI. Check your passbook for balance update.,19220.0,credit,UNKNOWN
2025-11-10 11:11:26,AX-INDBNK-S,Rs.4465 received from BALAJI. Check your passbook for balance update.,4465.0,credit,UNKNOWN
2025-11-07 21:04:40,AX-ICICIBNK-S,"Recharge successful Rs.16435, enjoy data benefits.",16435.0,unknown,UNKNOWN
2025-10-27 08:05:36,AX-INDBNK-S,Rs.4873 received from BALAJI. Check your passbook for balance update.,4873.0,credit,UNKNOWN
2025-11-09 09:15:54,AX-INDBNK-S,Payment of Rs.7358.00 to SPOTIFY successful. UPI ID: 98455275.okaxis,7358.0,unknown,SPOTIFYSUCCESSFULUPIID98455275OKAXIS
2025-11-22 13:48:46,AX-SBI-S,A/c *9745 credited Rs. 13020.00 from ARJUN. UPI REF:4054059,13020.0,credit,UNKNOWN
2025-11-10 07:31:24,AX-AXISBNK-S,A/c *9745 credited Rs. 998.00 from ANITA. UPI REF:9313449,998.0,credit,UNKNOWN
2025-11-02 01:54:36,AX-AXISBNK-S,"Recharge successful Rs.9336, enjoy data benefits.",9336.0,unknown,UNKNOWN
2025-11-08 09:49:23,AX-KOTAKBNK-S,"Recharge successful Rs.13166, enjoy data benefits.",13166.0,unknown,UNKNOWN
2025-11-24 18:37:05,AX-PNB-S,A/c *9745 credited Rs. 58.00 from BALAJI. UPI REF:4612706,58.0,credit,UNKNOWN
2025-11-30 06:39:53,AX-AXISBNK-S,A/c *9745 credited Rs. 8093.00 from ANITA. UPI REF:2534395,8093.0,credit,UNKNOWN
2025-11-17 05:47:15,AX-INDBNK-S,Payment of Rs.15742.00 to AMAZON successful. UPI ID: 98459477.okaxis,15742.0,unknown,AMAZONSUCCESSFULUPIID98459477OKAXIS
2025-10-30 01:36:13,AX-AXISBNK-S,Rs.507 received from BALAJI. Check your passbook for balance update.,507.0,credit,UNKNOWN
2025-11-30 01:20:35,AX-INDBNK-S,"Recharge successful Rs.14733, enjoy data benefits.",14733.0,unknown,UNKNOWN
2025-11-13 04:22:27,AX-INDBNK-S,"Recharge successful Rs.11147, enjoy data benefits.",11147.0,unknown,UNKNOWN
2025-11-14 10:18:21,AX-HDFCBNK-S,"Recharge successful Rs.3093, enjoy data benefits.",3093.0,unknown,UNKNOWN
2025-11-27 15:50:48,AX-SBI-S,Rs.18880 received from RAHUL. Check your passbook for balance update.,18880.0,credit,UNKNOWN
2025-10-29 05:08:01,AX-PNB-S,A/c *9745 credited Rs. 14143.00 from MOHIT. UPI REF:2654747,14143.0,credit,UNKNOWN
2025-11-26 10:01:55,AX-INDBNK-S,Rs.4813 received from PRAVEEN. Check your passbook for balance update.,4813.0,credit,UNKNOWN
2025-11-01 03:59:23,AX-ICICIBNK-S,A/c *9745 debited Rs. 645.00 to RAHUL via UPI:968936.ibl,645.0,debit,RAHULVIAUPI968936IBL
2025-11-13 00:07:31,AX-SBI-S,A/c *9745 debited Rs. 18807.00 to ANITA via UPI:705947.okicici,18807.0,debit,ANITAVIAUPI705947OKICICI
2025-10-28 07:33:06,AX-HDFCBNK-S,"Recharge successful Rs.10389, enjoy data benefits.",10389.0,unknown,UNKNOWN
2025-11-14 10:56:34,AX-SBI-S,Rs.15694 received from PRAVEEN. Check your passbook for balance update.,15694.0,credit,UNKNOWN
2025-11-12 02:29:45,AX-PNB-S,A/c *9745 credited Rs. 2477.00 from ARJUN. UPI REF:4826061,2477.0,credit,UNKNOWN
2025-11-13 14:19:09,AX-HDFCBNK-S,A/c *9745 debited Rs. 17705.00 to ANITA via UPI:152239.axl,17705.0,debit,ANITAVIAUPI152239AXL
2025-11-03 15:19:08,AX-PNB-S,Rs.9352 received from ARJUN. Check your passbook for balance update.,9352.0,credit,UNKNOWN
2025-11-06 09:31:36,AX-AXISBNK-S,Payment of Rs.13467.00 to SPOTIFY successful. UPI ID: 98455533.oksbi,13467.0,unknown,SPOTIFYSUCCESSFULUPIID98455533OKSBI
2025-11-26 17:02:13,AX-KOTAKBNK-S,Rs.9978 received from NEHA. Check your passbook for balance update.,9978.0,credit,UNKNOWN
2025-11-03 12:53:39,AX-PNB-S,Payment of Rs.13773.00 to NETFLIX successful. UPI ID: 98459167.okicici,13773.0,unknown,NETFLIXSUCCESSFULUPIID98459167OKICICI
2025-11-05 12:51:42,AX-INDBNK-S,Rs.14051 received from RAHUL. Check your passbook for balance update.,14051.0,credit,UNKNOWN
2025-11-11 21:41:08,AX-SBI-S,A/c *9745 credited Rs. 13314.00 from ARJUN. UPI REF:1804813,13314.0,credit,UNKNOWN
2025-11-24 01:24:55,AX-PNB-S,"Recharge successful Rs.9530, enjoy data benefits.",9530.0,unknown,UNKNOWN
2025-11-10 00:13:45,AX-ICICIBNK-S,Rs.7272 received from MOHIT. Check your passbook for balance update.,7272.0,credit,UNKNOWN
2025-11-07 15:46:54,AX-KOTAKBNK-S,Payment of Rs.10360.00 to TATACLIQ successful. UPI ID: 98452500.okicici,10360.0,unknown,TATACLIQSUCCESSFULUPIID98452500OKICICI
2025-10-30 00:24:53,AX-AXISBNK-S,Payment of Rs.19055.00 to ZOMATO successful. UPI ID: 98459303.okicici,19055.0,unknown,ZOMATOSUCCESSFULUPIID98459303OKICICI
2025-10-30 19:23:57,AX-PNB-S,Rs.3530 received from BALAJI. Check your passbook for balance update.,3530.0,credit,UNKNOWN
2025-11-13 06:09:21,AX-INDBNK-S,Payment of Rs.12625.00 to NETFLIX successful. UPI ID: 98457054.oksbi,12625.0,unknown,NETFLIXSUCCESSFULUPIID98457054OKSBI
2025-10-30 01:09:03,AX-INDBNK-S,"Recharge successful Rs.9363, enjoy data benefits.",9363.0,unknown,UNKNOWN
2025-11-08 15:11:15,AX-PNB-S,Rs.17471 received from PRAVEEN. Check your passbook for balance update.,17471.0,credit,UNKNOWN
2025-11-02 03:24:24,AX-KOTAKBNK-S,A/c *9745 credited Rs. 13554.00 from PRAVEEN. UPI REF:6800808,13554.0,credit,UNKNOWN
2025-11-06 00:25:08,AX-INDBNK-S,A/c *9745 credited Rs. 17682.00 from ANITA. UPI REF:4005531,17682.0,credit,UNKNOWN
2025-11-11 08:46:21,AX-HDFCBNK-S,A/c *9745 credited Rs. 18013.00 from NEHA. UPI REF:7937811,18013.0,credit,UNKNOWN
2025-11-02 23:30:30,AX-HDFCBNK-S,A/c *9745 debited Rs. 17669.00 to NEHA via UPI:521986.okicici,17669.0,debit,NEHAVIAUPI521986OKICICI
2025-10-31 00:42:40,AX-SBI-S,A/c *9745 debited Rs. 9393.00 to BALAJI via UPI:648957.okaxis,9393.0,debit,BALAJIVIAUPI648957OKAXIS
2025-11-30 06:20:04,AX-HDFCBNK-S,Rs.18389 received from MOHIT. Check your passbook for balance update.,18389.0,credit,UNKNOWN
2025-11-09 23:20:14,AX-HDFCBNK-S,Rs.8100 received from BALAJI. Check your passbook for balance update.,8100.0,credit,UNKNOWN
2025-11-20 05:33:31,AX-PNB-S,"Recharge successful Rs.5400, enjoy data benefits.",5400.0,unknown,UNKNOWN
2025-11-07 09:42:54,AX-SBI-S,Payment of Rs.17261.00 to TATACLIQ successful. UPI ID: 98458330.oksbi,17261.0,unknown,TATACLIQSUCCESSFULUPIID98458330OKSBI
2025-11-07 11:26:58,AX-HDFCBNK-S,A/c *9745 debited Rs. 14522.00 to MOHIT via UPI:731244.okicici,14522.0,debit,MOHITVIAUPI731244OKICICI
2025-10-27 06:31:09,AX-AXISBNK-S,A/c *9745 debited Rs. 295.00 to ANITA via UPI:734609.ybl,295.0,debit,ANITAVIAUPI734609YBL
2025-11-20 20:29:14,AX-INDBNK-S,Rs.15245 received from ANITA. Check your passbook for balance update.,15245.0,credit,UNKNOWN
2025-11-24 13:11:31,AX-SBI-S,Payment of Rs.9410.00 to AMAZON successful. UPI ID: 98451439.oksbi,9410.0,unknown,AMAZONSUCCESSFULUPIID98451439OKSBI
2025-11-30 02:07:13,AX-AXISBNK-S,A/c *9745 debited Rs. 18477.00 to RAHUL via UPI:278299.okicici,18477.0,debit,RAHULVIAUPI278299OKICICI
2025-11-22 05:01:47,AX-SBI-S,Payment of Rs.17606.00 to SWIGGY successful. UPI ID: 98455294.okaxis,17606.0,unknown,SWIGGYSUCCESSFULUPIID98455294OKAXIS
2025-11-09 04:33:42,AX-ICICIBNK-S,Rs.969 received from BALAJI. Check your passbook for balance update.,969.0,credit,UNKNOWN
2025-10-31 13:01:01,AX-AXISBNK-S,Rs.12686 received from PRAVEEN. Check your passbook for balance update.,12686.0,credit,UNKNOWN
2025-11-16 20:41:10,AX-KOTAKBNK-S,Payment of Rs.17911.00 to TATACLIQ successful. UPI ID: 98456170.okicici,17911.0,unknown,TATACLIQSUCCESSFULUPIID98456170OKICICI
2025-10-27 12:14:29,AX-HDFCBNK-S,Payment of Rs.4552.00 to NETFLIX successful. UPI ID: 98452602.ybl,4552.0,unknown,NETFLIXSUCCESSFULUPIID98452602YBL
2025-11-23 06:53:53,AX-PNB-S,A/c *9745 credited Rs. 2441.00 from ARJUN. UPI REF:4739353,2441.0,credit,UNKNOWN
2025-11-19 10:56:12,AX-AXISBNK-S,A/c *9745 debited Rs. 2883.00 to PRAVEEN via UPI:333049.ibl,2883.0,debit,PRAVEENVIAUPI333049IBL
2025-11-26 19:16:51,AX-PNB-S,"Recharge successful Rs.4816, enjoy data benefits.",4816.0,unknown,UNKNOWN
2025-11-07 09:14:51,AX-PNB-S,A/c *9745 credited Rs. 14072.00 from RAHUL. UPI REF:4560837,14072.0,credit,UNKNOWN
2025-11-01 20:35:48,AX-AXISBNK-S,A/c *9745 debited Rs. 18496.00 to BALAJI via UPI:405786.ybl,18496.0,debit,BALAJIVIAUPI405786YBL
2025-10-27 09:27:13,AX-PNB-S,Rs.12676 received from NEHA. Check your passbook for balance update.,12676.0,credit,UNKNOWN
2025-11-07 11:24:38,AX-ICICIBNK-S,A/c *9745 debited Rs. 16420.00 to NEHA via UPI:387699.oksbi,16420.0,debit,NEHAVIAUPI387699OKSBI
2025-11-15 03:00:30,AX-ICICIBNK-S,"Recharge successful Rs.14714, enjoy data benefits.",14714.0,unknown,UNKNOWN
2025-11-27 23:43:54,AX-SBI-S,Rs.4777 received from RAHUL. Check your passbook for balance update.,4777.0,credit,UNKNOWN
2025-11-15 16:33:19,AX-INDBNK-S,Payment of Rs.9302.00 to SWIGGY successful. UPI ID: 98451361.oksbi,9302.0,unknown,SWIGGYSUCCESSFULUPIID98451361OKSBI
2025-10-31 05:04:02,AX-ICICIBNK-S,Payment of Rs.4704.00 to TATACLIQ successful. UPI ID: 98454687.okicici,4704.0,unknown,TATACLIQSUCCESSFULUPIID98454687OKICICI
2025-11-10 11:17:33,AX-INDBNK-S,"Recharge successful Rs.4125, enjoy data benefits.",4125.0,unknown,UNKNOWN
2025-11-02 16:39:58,AX-KOTAKBNK-S,A/c *9745 debited Rs. 18730.00 to MOHIT via UPI:404798.oksbi,18730.0,debit,MOHITVIAUPI404798OKSBI
2025-10-30 13:13:16,AX-SBI-S,Payment of Rs.4180.00 to AMAZON successful. UPI ID: 98451422.ybl,4180.0,unknown,AMAZONSUCCESSFULUPIID98451422YBL
2025-11-09 03:16:34,AX-AXISBNK-S,A/c *9745 credited Rs. 18292.00 from RAHUL. UPI REF:8370358,18292.0,credit,UNKNOWN
2025-10-30 06:55:31,AX-ICICIBNK-S,A/c *9745 debited Rs. 17887.00 to ARJUN via UPI:839759.axl,17887.0,debit,ARJUNVIAUPI839759AXL
2025-11-25 16:05:22,AX-SBI-S,A/c *9745 credited Rs. 3977.00 from BALAJI. UPI REF:6600877,3977.0,credit,UNKNOWN
2025-11-19 00:54:25,AX-HDFCBNK-S,Payment of Rs.3163.00 to FLIPKART successful. UPI ID: 98457691.axl,3163.0,unknown,FLIPKARTSUCCESSFULUPIID98457691AXL
2025-11-16 10:27:08,AX-SBI-S,"Recharge successful Rs.340, enjoy data benefits.",340.0,unknown,UNKNOWN
2025-11-21 08:57:11,AX-PNB-S,"Recharge successful Rs.904, enjoy data benefits.",904.0,unknown,UNKNOWN
